Fund_Name,Forecast_Return,RMSE,AIC,Fund_Type,CAGR,SIP Return (%),Volatility,Sharpe_Ratio,Benchmark CAGR (%),Forecast_Return_norm,Sharpe_Ratio_norm,CAGR_norm,Volatility_norm,AI_Score,Risk_Category
HA_1,0.330889737,0.041036016,-201.3746338,Hybrid,34.06503602432876,13.06351168727296,12.69442098357164,2.368366076974848,11,1.0,0.33013872176233877,1.0000000000000002,0.001593298666129702,0.6822956856406653,Moderate
ELC_1,0.320766011,0.049082822,-180.2389809,Equity,31.265710473416,13.12075655577114,18.05748619883813,1.509939433051891,11,0.9631112404965239,0.21045323929919507,0.9009749218361024,0.002280471673395893,0.6177107196396194,Aggressive
EMC_4,0.290318135,0.045040979,-190.4130439,Equity,31.13193376354162,13.69943745616389,16.50721671650196,1.643640731778745,11,0.8521654903689855,0.22909444126718595,0.8962426215334455,0.0020818346441057295,0.5770760555744641,Aggressive
ESC_3,0.295856527,0.046044849,-187.9932507,Equity,30.08960474687057,10.96198859807416,16.47537450509839,1.583551544688529,11,0.872346243040875,0.2207165520222244,0.8593706284511496,0.0020777546810081503,0.5756800977099849,Aggressive
ESC_2,0.291036397,0.047494593,-184.1507197,Equity,29.46420961064478,12.19439087986682,16.58209235479913,1.535645144520922,11,0.854782688244401,0.21403723858557497,0.8372475130357643,0.002091428507964251,0.5625581732751124,Aggressive
ESC_1,0.278749964,0.048733732,-181.0241139,Equity,29.66443350065699,13.45643087948796,16.58550834769353,1.547401078256732,11,0.8100134726322268,0.215676300712707,0.8443303570987829,0.0020918662013384363,0.5464767557206233,Aggressive
EMC_2,0.277719336,0.042254305,-198.1023674,Equity,27.94746882461418,12.56050113942424,16.5692753405009,1.4452936735307,11,0.8062580777875274,0.20144005340583584,0.7835933837966415,0.002089786255650329,0.5292684532874508,Aggressive
EMC_1,0.277948095,0.04300161,-195.8408568,Equity,27.48362192321414,13.51570916957776,15.72745905368003,1.493160582587513,11,0.8070916281755225,0.20811386082437427,0.7671849758312858,0.001981923791525583,0.5280048230738309,Aggressive
EMC_3,0.275370097,0.03909454,-207.2158386,Equity,27.63901346731812,12.64367291004877,15.27197464769653,1.547868825913982,11,0.7976979377277129,0.21574151607435177,0.7726818926853786,0.0019235622806247717,0.527262398304655,Aggressive
EMC_6,0.279687024,0.045717243,-188.6391438,Equity,27.17599988496888,11.35705849389148,16.28907755671039,1.422793881622928,11,0.8134279250759544,0.19830303701792917,0.7563029630649457,0.002053884332778209,0.5258994392479365,Aggressive
ESC_7,0.2747447,0.045712009,-188.748777,Equity,27.32766103968651,10.15027810634759,15.62529832318853,1.492941802273777,11,0.7954191206669592,0.2080833575453949,0.7616679188113195,0.001968833871194851,0.5222267463347171,Aggressive
EMC_7,0.268696516,0.041521613,-200.0441294,Equity,27.37169882256123,12.00097341132047,16.32227307456556,1.431889952814265,11,0.7733807915963411,0.1995712498311745,0.7632257386547142,0.0020581376959048336,0.5115815561728873,Aggressive
ESC_9,0.262113235,0.049295397,-179.7095109,Equity,26.97520219172258,9.867501208519315,17.15489773779887,1.339279460762936,11,0.7493926799512014,0.1866591023567454,0.7491998209304549,0.0021648224313671827,0.4959370883910528,Aggressive
ELC_2,0.278370586,0.036258197,-216.2038103,Equity,23.17787995208718,9.936644399254991,14.4033121776145,1.331490959551183,11,0.8086310978225064,0.18557319649420895,0.614870988947768,0.0018122599977126882,0.4925480970424515,Moderate
ESC_8,0.259000141,0.045555878,-189.0730642,Equity,26.03186295744164,9.61785271812079,15.71612390981987,1.401863658231628,11,0.7380492105726629,0.19538485652762982,0.7158295538033311,0.001980471412227265,0.4869347384098048,Aggressive
ESC_13,0.262200392,0.046693763,-186.1336666,Equity,25.02252237522495,9.195152914268867,16.62400455110217,1.264588343356244,11,0.7497102619967887,0.1762453500742224,0.6801245140606647,0.002096798744726002,0.4796558253176952,Aggressive
ESC_6,0.258287381,0.051083032,-175.5273772,Equity,24.91877888475502,9.739490821808317,15.92589539977492,1.31350723834659,11,0.7354520608450134,0.1830658298320815,0.6764546274876542,0.0020073495686182756,0.47493710485826385,Aggressive
ESC_4,0.244810747,0.044452905,-191.9278802,Equity,25.69754704449416,9.902163598950043,15.51236184273171,1.398726207167512,11,0.6863459994460415,0.1949474197973378,0.7040032553578844,0.001954363247066572,0.4637827513122679,Aggressive
EMC_9,0.250326201,0.043903896,-193.4488459,Equity,24.83224746095629,10.83612991668528,16.73259384946727,1.24501004735853,11,0.7064431707996011,0.17351566103336952,0.673393611235897,0.00211071236160727,0.46031829897112114,Aggressive
HA_3,0.237036999,0.029682425,-239.5948712,Hybrid,24.34766567199056,9.98290701105622,10.98344995934656,1.852575078623211,11,0.6580200727652297,0.25822495379522675,0.6562517144981324,0.00137407084456318,0.4588084998278406,Moderate
ESC_10,0.251395099,0.054291599,-168.3532594,Equity,24.28597104433781,8.959793860558275,18.40087340409944,1.102446095836863,11,0.7103380135932272,0.15363879043468115,0.6540692904768841,0.00232447009762248,0.4530100906266947,Aggressive
ESC_12,0.23729927,0.038582307,-208.6343655,Equity,24.68635837896331,9.438042646882572,13.96602289614604,1.481191784718594,11,0.6589757339361993,0.20644512027725076,0.668232840369892,0.001756229839858823,0.44858470724179206,Moderate
ESC_11,0.247679111,0.054089897,-168.7992672,Equity,23.95850113582401,8.741546062733141,18.42992264748348,1.082940038196484,11,0.6967977234224143,0.15091917317190176,0.6424851668381277,0.002328192195925181,0.4445966872001779,Aggressive
ELSS_2,0.246570895,0.04817295,-182.3678878,Equity,23.61761677614158,10.9453707608983,17.05421338324481,1.150309095781294,11,0.6927596139850486,0.1603120528281965,0.6304265120841652,0.0021519216800381445,0.44294437296589595,Aggressive
ELSS_3,0.232424854,0.032399829,-229.265167,Equity,24.1855088297096,10.74859577790521,12.89155140715597,1.565793611039306,11,0.6412143722059533,0.21824066561841596,0.6505154777905272,0.0016185571145282958,0.44090622727791157,Moderate
EMC_10,0.232223034,0.039843766,-204.8674744,Equity,23.33289663526772,10.28540953505217,15.54908029536787,1.243346633242808,11,0.6404789819511211,0.17328374078440523,0.6203546452390686,0.0019590680061003286,0.42328959682344847,Aggressive
EMC_5,0.23110532,0.041942546,-198.862755,Equity,23.04682260139237,11.26897993058935,16.14221416818844,1.179938662871173,11,0.6364062637701206,0.1644431327025585,0.6102348849432605,0.0020350666320236755,0.4174150056775363,Aggressive
HDA_1,0.215926225,0.029658864,-239.6902621,Hybrid,22.19321541469528,9.363738426667512,10.6077936055484,1.715080071427797,11,0.5810967873050902,0.2390548169070555,0.5800388549186775,0.0013259377535085885,0.40801129946950915,Moderate
ELSS_6,0.22029339,0.037479543,-212.0883576,Equity,22.02427384742665,9.648308020155394,14.05531242209094,1.282381586843821,11,0.5970098315140107,0.1787261595254095,0.5740626111415102,0.001767670564444135,0.3980328441305921,Moderate
ELSS_18,0.217660145,0.037410149,-212.4241255,Equity,22.20474443440395,8.336111020937453,14.40798095442433,1.263518080152217,11,0.5874148324475869,0.17609612944035308,0.5804466896120849,0.0018128582110984834,0.39480737452987524,Moderate
ELSS_9,0.217823506,0.036677822,-214.6603686,Equity,21.09606856759991,9.040026997391504,14.31097060556389,1.194612793136003,11,0.5880100860766605,0.16648906216305046,0.5412277019052426,0.0018004282124901114,0.3848017761206018,Moderate
HA_5,0.21233345,0.039989692,-204.3907329,Hybrid,21.62723742632131,8.673045516150001,14.36167185218496,1.227380600792625,11,0.5680054597716206,0.17105768884350825,0.5600175985415822,0.0018069245959414198,0.3816990871384506,Moderate
ELSS_15,0.211731074,0.039656026,-205.4472493,Equity,21.41907477644594,8.75489716366662,14.93584633544969,1.166259640413037,11,0.5658105264639959,0.1625359453917775,0.55265392386359,0.0018804939430448991,0.37720690761480397,Moderate
ELSS_11,0.205182894,0.028139191,-245.8946659,Equity,20.9927756765502,8.863064732797321,11.56937348976701,1.468772331672076,11,0.5419503155885266,0.20471354747446824,0.537573755115582,0.0014491456046613635,0.37525589228644496,Moderate
ELSS_5,0.21299806,0.041078166,-201.2597029,Equity,21.13865723291288,9.776582770308728,15.61293116872839,1.097721949049542,11,0.5704271608778738,0.15298012985899898,0.5427342597652736,0.0019672492597123154,0.37466766137999713,Aggressive
HA_2,0.205108478,0.03188505,-231.1179661,Hybrid,20.9573134480949,10.26826690138904,12.34663588703832,1.373435938602267,11,0.5416791591064951,0.19142134332210028,0.5363192922527303,0.0015487367372561056,0.3715585474130808,Moderate
ESC_5,0.281069117,0.046272161,-187.330924,Equity,27.86826184086269,10.42423100001164,6255.685224022038,0.003815451223346048,11,0.8184639855430627,0.0004630477195418271,0.7807914668296919,0.8015117393830482,0.3634328886055917,Aggressive
HA_6,0.196780102,0.029867844,-238.879215,Hybrid,20.23665165935642,8.83288777718052,10.76142200242937,1.508783100940659,11,0.5113322829347652,0.21029201857334717,0.5108261551875206,0.0013456222591501884,0.3590693055158745,Moderate
ELSS_20,0.203086507,0.036829001,-214.1752455,Equity,20.39823998966768,8.0449395200209,13.57878965418058,1.207636351051292,11,0.5343115158156747,0.1683048618280687,0.5165422810001218,0.0017066133946518223,0.35885328597411364,Moderate
ELC_7,0.203244969,0.038206892,-209.8068923,Equity,20.41587856924221,8.568210088728767,14.82266034025109,1.107485309142834,11,0.534888918504017,0.15434137892028968,0.5171662390533387,0.0018659913484317225,0.35569426124008224,Moderate
ELC_4,0.199315756,0.033234006,-226.2581441,Equity,20.36283385517525,9.165599751339414,13.08143693371598,1.250843767247146,11,0.5205716806219436,0.17432902299547387,0.5152898024399017,0.001642887269595426,0.35462245539518694,Moderate
HA_7,0.190049005,0.026856724,-251.4614355,Hybrid,19.70297143759474,8.908777677460144,10.83331104618774,1.449508037814592,11,0.4868055604190067,0.20202763794338932,0.49194742003746117,0.0013548334487229548,0.3434153926436338,Moderate
ELSS_19,0.198587872,0.044440997,-191.9678087,Equity,20.01445209087276,8.002077302452504,16.60715803778945,0.9643102121646587,11,0.5179194221725911,0.13437929983077082,0.5029659298450612,0.0020946401901027808,0.341041583767226,Aggressive
HDA_11,0.176676246,0.019971931,-286.3007853,Hybrid,17.99819582712527,7.134638708604357,7.117097662110186,1.966840486347194,11,0.4380779979929844,0.2741563214305493,0.43164163030050073,0.0008786726294380918,0.32996680472051554,Conservative
HA_10,0.185358331,0.027193846,-249.9813548,Hybrid,18.88397712113277,8.144128420864005,10.51472321531962,1.415536749407468,11,0.4697137164580768,0.19729121687388423,0.46297580715128195,0.0013140125843424757,0.3296063503443068,Moderate
ELSS_8,0.194017573,0.039390877,-206.2125535,Equity,19.14729254488459,9.123417961209878,16.12416233744878,0.9394157803599269,11,0.5012661997651517,0.13090841259504965,0.4722904902578188,0.0020327536393006484,0.3273867680604918,Aggressive
ELC_5,0.191923862,0.037430756,-212.1938621,Equity,19.03704044471606,8.739601482312654,14.35589886389913,1.047446808261501,11,0.49363715078172576,0.14597055656148233,0.4683903640887268,0.0018061848992265647,0.32735464453592233,Moderate
ELSS_10,0.18956687,0.036741644,-214.4639419,Equity,19.55874805518527,8.827169943126222,15.00364452793771,1.036997912488124,11,0.4850487603966426,0.1445137272089722,0.4868455726615806,0.0018891809692042276,0.3272336733478356,Aggressive
HA_4,0.181137616,0.032029233,-231.1125197,Hybrid,19.85126250961067,9.132274158085508,12.23519412418137,1.295546466098366,11,0.4543343056988649,0.1805616628107556,0.4971931603882387,0.0015344576322585638,0.32608260141504386,Moderate
ELSS_4,0.189413804,0.040831725,-201.952251,Equity,19.46574848258642,9.494336629742662,15.60319001864897,0.9911914463710123,11,0.4844910196140335,0.13812719548145724,0.4835557481026588,0.0019660011198658614,0.3247444561685296,Aggressive
ELSS_16,0.187132773,0.035935927,-217.0342359,Equity,19.20931757156377,8.25111875103901,13.41029567944085,1.13415229127878,11,0.4761794153707961,0.1580594026388815,0.47448460201913956,0.0016850241529251804,0.324630783588928,Moderate
ELSS_7,0.184079788,0.036121876,-216.3569281,Equity,18.41071459286969,9.09052131723933,14.36516085514155,1.003171126184211,11,0.465054970731271,0.13979745323539217,0.4462343249617545,0.0018073716441419929,0.30994711084708604,Moderate
HA_13,0.176014497,0.028111142,-246.022098,Hybrid,18.11613971726498,7.870156833725939,10.54086116131271,1.339182776552862,11,0.4356667217778175,0.18664562223423153,0.4358138506184379,0.0013173616562315708,0.3078932601449378,Moderate
ELSS_1,0.237851528,0.03673694,-214.4207552,Equity,23.95049084368015,11.02719843101074,4512.883978373444,0.004420785231636025,11,0.6609880476382761,0.0005474459536209138,0.6422018057958927,0.5782054910028298,0.3062416180524698,Aggressive
ELSS_14,0.181020829,0.032299656,-229.6180281,Equity,18.09153978913749,8.077483362812622,13.17477595708285,1.069584775865717,11,0.4539087580737975,0.149057125870836,0.43494363750411946,0.001654846858898894,0.3055682851692171,Moderate
ELC_8,0.182476653,0.040154771,-203.9358328,Equity,18.72064561044482,7.997945841291032,17.06544728031172,0.8625994601048589,11,0.45921347902489684,0.12019835552045083,0.45719801699492524,0.0021533610865195,0.30485157972607857,Aggressive
HA_15,0.175702819,0.027027114,-250.7479043,Hybrid,18.0729636992419,7.765842683070168,11.06981229200568,1.271291990145579,11,0.4345310317379524,0.17718000093335404,0.4342865153793668,0.0013851365059836225,0.3047569455284953,Moderate
HA_11,0.17521912,0.030210955,-237.4746948,Hybrid,17.83091694469929,8.2371207395455,11.65630787380058,1.186560709827037,11,0.4327685328237115,0.16536640656692064,0.4257242033681452,0.0014602845633936066,0.2993748127603348,Moderate
ELC_6,0.177104348,0.035540451,-218.2504466,Equity,18.00719850458796,8.51471121814984,14.04807583900787,0.9970901826778011,11,0.43963791296114496,0.1389496223082558,0.4319600965964757,0.0017667433363833295,0.2967195785803596,Moderate
ELC_10,0.176347446,0.047043881,-185.2436358,Equity,18.14488074463476,8.109739429794516,16.05724384380046,0.8809034029894212,11,0.43687991893348166,0.12275036884695387,0.4368305535456396,0.0020241793295213938,0.2925020435948309,Aggressive
HA_17,0.168567544,0.026519717,-252.9188004,Hybrid,17.27664513716221,7.308987557353386,9.87256490624778,1.344802010748005,11,0.40853156835202453,0.18742907969152295,0.4061170486920813,0.0012317324257626883,0.29130854713824245,Conservative
ELC_11,0.176879043,0.047620429,-183.8032056,Equity,18.15801353485915,8.10206287843165,17.47337705563286,0.8102620054372983,11,0.43881694823334316,0.11290124567754842,0.4372951210119195,0.002205629391902566,0.29088027050632287,Aggressive
ELC_12,0.176573861,0.047535811,-184.0130812,Equity,18.13280675031315,8.09417830514143,17.49100505968334,0.8080042685991317,11,0.4377049282712472,0.11258646243466594,0.43640344058228375,0.002207888079438378,0.29017809182170634,Aggressive
ELC_9,0.176241462,0.047460269,-184.2003505,Equity,18.08367584159907,8.103726581863757,17.45455059702427,0.8068770240352174,11,0.43649373520160106,0.11242929721799759,0.4346654533467196,0.002203217145610761,0.2893074264826421,Aggressive
ELSS_13,0.173715539,0.038542096,-208.7148732,Equity,17.55434775273916,7.752744068745754,14.45232184123725,0.9378664481484301,11,0.4272897952617708,0.13069239812888483,0.41594067324509554,0.001818539637542702,0.2865043713403173,Moderate
ELC_3,0.170361347,0.034196446,-222.8892174,Equity,17.41159357278597,8.487203582910663,12.8675910732543,1.042276949619762,11,0.4150678147363709,0.14524975294921896,0.4108907983480945,0.0016154870614818694,0.2842754007422497,Moderate
HDA_5,0.148180806,0.014155724,-326.965188,Hybrid,15.37215070822793,7.220722625442577,5.06131305512601,2.246877556153222,11,0.33424652002669675,0.31320027707262,0.33874628160626263,0.0006152636209756308,0.2796556440569399,Conservative
ELSS_17,0.16586746,0.03247555,-228.9701762,Equity,17.20745992642221,7.688380138517314,13.82066675082097,0.9556311692153105,11,0.39869302182131205,0.133169230863242,0.40366964813908734,0.0017376052631478563,0.27324280528268063,Moderate
HDA_2,0.162501031,0.027011286,-250.7569311,Hybrid,16.63685207101524,7.890651820383288,10.55268971009865,1.197500582142778,11,0.3864264522039076,0.1668916899507297,0.3834846119741493,0.001318877255821464,0.2727925941757021,Moderate
HA_8,0.163402946,0.028040553,-246.1573738,Hybrid,16.33799263528315,7.904175525111157,10.51133353985205,1.173779957462639,11,0.38971284355108327,0.163584459881314,0.3729125729436268,0.001313578263037175,0.2711667302400316,Moderate
EMC_8,0.245268874,0.040820615,-202.104148,Equity,25.15879644678758,11.68444080230995,7804.793636164841,0.00271100011520416,11,0.6880153192918225,0.0003090604631225364,0.6849451575845314,1.0000000000000002,0.2622724243494159,Aggressive
HA_9,0.156059714,0.028166476,-245.7693661,Hybrid,15.96265939747428,7.528600461556767,10.40805506868794,1.149365498023091,11,0.3629556279541548,0.16018049242785107,0.35963530220981976,0.0013003451258726908,0.2569593829617077,Moderate
DL_1,0.056892168,0.000566877,-712.256368,Debt,5.871901630428966,3.300269725824023,0.2609704765235799,7.172848267607892,11,0.001609641807956974,1.0,0.0026785787273352346,1.9262831714172448e-07,0.2511795435744023,Conservative
DL_4,0.05706032,0.000535132,-721.2420104,Debt,5.845946648346634,3.291968187339966,0.261188048095003,7.067500453448007,11,0.0022223528481439825,0.98531196107038,0.0017604310940213808,2.2050590300528016e-07,0.24756898454977141,Conservative
DL_11,0.056713151,0.00053381,-720.0239242,Debt,5.843008806032857,3.28533251771268,0.2606115175426568,7.071862454164918,11,0.0009573409594320625,0.9859201297054101,0.0016565060379806207,1.4663467124982865e-07,0.24719424802252077,Conservative
I_3,0.155862549,0.035344347,-219.0131891,Other,15.99000717805126,6.949796995259949,14.07622661202783,0.8517912867221148,11,0.36223719955462064,0.11869143416028959,0.3606027195608891,0.0017703503130984228,0.24642272972713372,Moderate
DL_15,0.056575682,0.000540038,-719.2787473,Debt,5.841511999396465,3.278428931235489,0.2615121500597547,7.041783714353941,11,0.0004564324125014563,0.9817264242657601,0.0016035570717138625,2.620332969189925e-07,0.24593485114078883,Conservative
DL_10,0.057001467,0.000529888,-722.5946703,Debt,5.82276821664538,3.284134116700632,0.2594671022405183,7.025045568034006,11,0.002007904712837072,0.9793927209353449,0.0009405028758886769,0.0,0.24583944269414879,Conservative
DL_3,0.056857988,0.000554479,-716.8051941,Debt,5.844574633776856,3.296440223372343,0.2625276309064068,7.026211402617887,11,0.0014850969714186313,0.9795552665362204,0.001711896599714352,3.921475131751697e-07,0.24582517592043845,Conservative
I_5,0.15553826,0.035328254,-219.066423,Other,15.96146954872311,6.950300245425511,14.07052598127925,0.8501082023968236,11,0.36105555764425856,0.1184567714073046,0.3595932117621584,0.001769619887601514,0.24568961527882105,Moderate
I_2,0.155542073,0.035293936,-219.1771446,Other,15.93950273512246,6.963062827801236,14.03008376331205,0.8509929759894693,11,0.3610694514260526,0.1185801302930709,0.3588161440741552,0.0017644380001126342,0.24557137625850292,Moderate
I_7,0.155288066,0.035294008,-219.1801915,Other,15.92753532965723,6.938167107284454,14.04826479596131,0.8490397570727908,11,0.36014390255845186,0.11830780422997192,0.35839280165111076,0.0017667675475597235,0.24504805727896192,Moderate
I_4,0.155282709,0.035320322,-219.0927947,Other,15.9295627785295,6.923299244694658,14.06014872501237,0.8484663293288888,11,0.3601243827606363,0.1182278545025578,0.35846452188493083,0.0017682902430587281,0.24503437757042132,Moderate
I_6,0.155298922,0.035370321,-218.9263037,Other,15.92808092530864,6.930647130997647,14.08084969046315,0.8471137173907508,11,0.36018345957265496,0.11803926761100743,0.3584121018900591,0.0017709426711219993,0.2449999797091574,Moderate
DL_13,0.056516977,0.000547533,-718.339959,Debt,5.834372988934322,3.287725848094913,0.2622631933314215,6.994397367137328,11,0.00024252355852305563,0.975119618816586,0.0013510172880520088,3.5826495602863984e-07,0.24414706384542273,Conservative
DL_6,0.056547362,0.000544153,-718.5113609,Debt,5.818668071492694,3.28804974698711,0.2603992269594194,6.984153112620858,11,0.0003532402015369862,0.973691321415802,0.0007954617983707002,1.1943374181076847e-07,0.24372320087917818,Conservative
DL_8,0.05669845,0.000553449,-717.0562748,Debt,5.828820102356236,3.282317254740219,0.262283587725745,6.972682195687093,11,0.0009037735620666121,0.9720919975396951,0.001154586034369881,3.6087810293551463e-07,0.24361537188490898,Conservative
DL_5,0.057079033,0.000573639,-712.4735272,Debt,5.832096500814177,3.286974048545432,0.2636187294407358,6.949796415076232,11,0.002290539142062703,0.9689011649701944,0.001270487385424901,5.319506725557925e-07,0.2433955245838578,Conservative
I_8,0.154573683,0.035298031,-219.1669622,Other,15.8546617744374,6.913181599903195,14.05764270806042,0.8432894490653206,11,0.3575408389551529,0.11750607190600701,0.3558149273129968,0.0017679691454893327,0.24329064364933886,Moderate
DL_14,0.056575223,0.000544085,-718.4366266,Debt,5.820188924381187,3.285496564163237,0.2611439352696381,6.970060103068419,11,0.00045475991162460816,0.9717264142690094,0.0008492613916726011,2.148536982215794e-07,0.243283327582182,Conservative
DL_2,0.056817119,0.000550955,-716.7820791,Debt,5.845792081386492,3.293259574385954,0.2655470887529875,6.950903096148991,11,0.0013361788051083623,0.9690554631377357,0.001754963346511762,7.790325957659916e-07,0.24314921312089025,Conservative
I_1,0.15376791,0.034621619,-221.4796658,Other,16.00155538621151,6.976648818778108,14.59678539152272,0.822205373601065,11,0.3546047691315134,0.11456644070735653,0.36101123303848326,0.0018370498454751791,0.2424102069603199,Moderate
DL_9,0.056526648,0.000550003,-717.5738764,Debt,5.82949512987081,3.285453127946658,0.2635843738969282,6.940833035065324,11,0.00027776267830542656,0.9676514525239409,0.0011784648763186745,5.275486745552223e-07,0.24225958204526996,Conservative
DL_12,0.05691761,0.000564037,-714.2770295,Debt,5.812236565842333,3.281929423436081,0.2622347101481863,6.910742536021472,11,0.0017023471833580162,0.9634561075621839,0.0005679497287113255,3.5461538737813073e-07,0.24165850251732332,Conservative
DL_18,0.056514831,0.000550317,-718.5425348,Debt,5.796907197039047,3.270249724033669,0.2605640081071158,6.896221815487092,11,0.00023470397925998143,0.9614315671367755,2.567912947587514e-05,1.4054725661214655e-07,0.24045688811970453,Conservative
DL_7,0.056720768,0.000552619,-716.4229425,Debt,5.804982719014795,3.284139196282521,0.2635186854508198,6.849543575731206,11,0.0009850957288853046,0.9549234890321834,0.0003113476522391134,5.191319715611134e-07,0.23918710221025208,Conservative
DL_17,0.056822688,0.000569647,-712.4779937,Debt,5.801748300953524,3.273318485444165,0.2639056240243653,6.827244806223516,11,0.0013564710869890806,0.9518145000396401,0.00019693134177189986,5.687106607132859e-07,0.2385355144064609,Conservative
DL_16,0.056450419,0.000558361,-714.4716499,Debt,5.798301451831422,3.269928535780142,0.2628189875899172,6.842357427528621,11,0.0,0.9539215657801888,7.500036321028691e-05,4.294792330701642e-07,0.2384953270958043,Conservative
HDA_7,0.137197377,0.01501247,-320.1168238,Hybrid,14.05417010289134,6.895457730911514,5.71592244341013,1.758975948752202,11,0.29422518095603195,0.24517496624410928,0.29212321826895227,0.0006991391443706095,0.23730358672557497,Conservative
HA_12,0.150937461,0.032775898,-227.8928279,Hybrid,15.18560497449426,7.369072336883975,12.69421657588896,0.8811575655436578,11,0.34429119955763765,0.12278580526792614,0.33214729712655644,0.001593272475241399,0.2346033996940617,Moderate
HDA_6,0.146380275,0.025768449,-256.2337103,Hybrid,14.52742407991243,7.414156717680553,9.020608696937618,1.167041430750273,11,0.3276857582046607,0.16264494591542097,0.3088643979615422,0.00112257072682525,0.23334003374400417,Conservative
HA_14,0.143804509,0.029205262,-241.5350284,Hybrid,15.35951808204561,7.240716800006841,11.84818901013013,0.9587556437809428,11,0.3183002007022915,0.1336048583550945,0.3382994072530058,0.0014848704172284418,0.2281584457577071,Moderate
HDA_13,0.134903485,0.019088355,-291.6849403,Hybrid,14.01078437183194,6.575656051469569,7.072157922829741,1.415520479190089,11,0.2858667138941075,0.1972889484111908,0.2905884645108715,0.0008729144716407198,0.2216556783918689,Conservative
HDA_12,0.137140959,0.021985304,-275.0062934,Hybrid,14.16597762258138,6.446178665016067,8.563943776264612,1.187067300786921,11,0.2940196054560958,0.16543703762651601,0.2960783668128605,0.0010640579558153875,0.21802316625826712,Conservative
HA_16,0.138233067,0.023948804,-264.8385089,Hybrid,14.34263797548727,6.818836162638742,9.624885256285856,1.074572600097509,11,0.29799902067968254,0.14975254947383052,0.3023276597003074,0.0011999970723646938,0.21692327801953742,Conservative
HDA_4,0.133702175,0.021119547,-279.8420196,Hybrid,13.73786879419276,7.100303435873578,7.871913207337077,1.237039654491682,11,0.2814893892135383,0.17240439506505095,0.2809341796067619,0.0009753876323935535,0.21173738222817143,Conservative
HDA_3,0.134054903,0.033495488,-225.4408569,Hybrid,14.39367071973048,6.975428413442764,10.80046237613401,0.9623357183945724,11,0.2827746569462033,0.1341040075374034,0.3041329236453867,0.001350624527428979,0.20725985571279518,Moderate
HDA_8,0.130058975,0.019672699,-288.1130012,Hybrid,13.28251809824343,6.668457502758551,7.379616441657451,1.257859154555002,11,0.26821432343014345,0.17530713803949147,0.26482632168231834,0.0009123093300867862,0.2039409318188809,Conservative
HDA_9,0.129508579,0.021351029,-278.3961552,Hybrid,13.19373278225566,6.599214020501654,8.408079936217565,1.093440220834952,11,0.26620879447018597,0.1523831531566015,0.261685574850415,0.0010440870213982002,0.19675980799409803,Conservative
HDA_14,0.129623733,0.020538505,-283.0177434,Hybrid,13.09224414149302,6.014514849454988,8.445582162478244,1.076568076252664,11,0.2666283917816761,0.15003076722029043,0.25809545272939516,0.0010488922058523012,0.19562080523274425,Conservative
HDA_15,0.12172533,0.018513868,-295.2773069,Hybrid,12.47146184473324,6.124213498052322,6.562316147236935,1.29092559009065,11,0.23784824811436095,0.17991740068503867,0.2361355147581373,0.0008075881158905158,0.18722461415124794,Conservative
HDA_10,0.109955938,0.016557073,-308.4674834,Hybrid,11.15889314664349,6.085053136128948,5.429460084048459,1.318527631812974,11,0.19496302275463312,0.18376579437585783,0.18970389558421094,0.0006624345373875026,0.16176807163205176,Conservative
ELSS_12,0.196620245,0.03596678,-216.9851845,Equity,19.80012881429072,8.681299110584284,7804.415655322098,0.002024511444814714,11,0.5107497971555227,0.00021334730195414077,0.4953843253371615,0.9999515690706768,0.15343738539452842,Aggressive
DCB_4,0.068995836,0.003450519,-493.7193455,Debt,6.943189064030775,3.909027472780324,0.9399591769830998,3.131188179339083,11,0.04571289963634145,0.43649461367382875,0.04057496480998651,8.719188871516149e-05,0.1355107274516838,Conservative
DCB_2,0.067511143,0.003358884,-497.0478788,Debt,6.76341532295095,3.915213512227367,0.9869050428927902,2.800082280308244,11,0.0403029860320524,0.3903304253271125,0.034215536998369045,9.320709281225997e-05,0.12053292708035106,Conservative
DCB_7,0.064505683,0.003272172,-500.0433865,Debt,6.485953517861098,3.722780425450667,0.9096120243073256,2.732982251146213,11,0.02935171264344852,0.38097505475421417,0.02440043102487488,8.330348845726125e-05,0.11185203942763934,Conservative
DCB_5,0.064664042,0.00328923,-499.6660284,Debt,6.490977859443015,3.780487773012764,0.9514734168901439,2.618021497210805,11,0.029928740021136463,0.36494673900179575,0.024578165200061924,8.866721570555213e-05,0.10811051371656007,Conservative
DCB_6,0.063655836,0.004241941,-469.3134282,Debt,6.432872502176501,3.709711480655309,1.13364299488365,2.146065836561004,11,0.02625504629770284,0.29914467968086816,0.022522710255501566,0.00011200872130310998,0.08977592918220303,Conservative
DCB_13,0.060231601,0.003423901,-494.9964803,Debt,6.068630517121187,3.562587333114919,0.8937707173887397,2.314497976802086,11,0.013777843596011252,0.32262820283309573,0.009637788375331219,8.127373157806387e-05,0.08808355476200798,Conservative
DCB_8,0.062124675,0.003684968,-486.180707,Debt,6.214841320806674,3.706050231137836,1.026481372642221,2.157702399514126,11,0.02067581293144008,0.3007670986273403,0.014809940024017004,9.827803348496694e-05,0.08640934612919177,Conservative
DCB_9,0.061672905,0.003841172,-481.2700043,Debt,6.155313764966408,3.666810320157254,1.006447447169754,2.14150651484824,11,0.019029656676234685,0.2985089997159464,0.012704175345069207,9.571107368461369e-05,0.08476559100744163,Conservative
DCB_12,0.0603617,0.003897908,-479.6758916,Debt,5.981309527154099,3.519636054793041,1.101643171582945,1.798503887885191,11,0.014251897390300305,0.25068611911826233,0.006548841520250204,0.00010790856329143091,0.06966587075524204,Conservative
DCB_14,0.058060551,0.003576844,-489.434542,Debt,5.796181277457868,3.382570895132786,0.9417023456702511,1.907376875205133,11,0.0058669873243162585,0.2658656526367495,0.0,8.74152420440586e-05,0.06880009580260726,Conservative
DCB_3,0.060019345,0.004473984,-462.8946661,Debt,5.919684231906364,3.713194721140001,1.278126022146279,1.501952232130251,11,0.013004426719935208,0.2093396298806105,0.004368870106496475,0.00013052142483324045,0.058390873965701015,Conservative
DCB_11,0.061508667,0.006657066,-416.0235012,Debt,6.106901950481647,3.679577173669557,1.760016511645675,1.19709215029558,11,0.01843120744091048,0.16683474465082404,0.010991625794751131,0.0001922663642569954,0.05125065434338188,Conservative
DCB_1,0.06655229,0.003764579,-483.4989867,Debt,6.591162219366198,3.89077487108378,4532.248357902321,0.0005717167319059885,11,0.03680912441270531,1.0792503165776759e-05,0.028122148881759235,0.580686661449317,-0.06675222155017213,Aggressive
DCB_10,0.062363642,0.003550529,-490.5335369,Debt,6.2391501537717,3.67984773372263,4529.85843965737,0.0004943090791024951,11,0.02154655915592965,0.0,0.015669855757522833,0.5803804396821775,-0.07530447113845018,Aggressive
